School,Latitude,Longitude,mer_coords_x,mer_coords_y,Q3 SY20,Q4 SY20,Summer SY20,Q1 SY21,Q2 SY21,20210115
ADMINISTRATIVE,41.88235794,-87.62813012,-9754718.823837077,5143373.490807601,1,0,0,2,13,13
ADDAMS,41.6987388,-87.53297604,-9744126.320594976,5115958.25854251,0,0,0,1,2,2
AGASSIZ,41.9341263,-87.65622867,-9757846.740118992,5151116.9846722875,0,0,0,0,0,0
AIR FORCE HIGH SCHOOL,41.82814532,-87.63275698,-9755233.884172313,5135271.107854767,0,0,0,0,0,0
ALBANY PARK,41.97150444,-87.71060879,-9763900.307521492,5156711.903068353,0,0,0,0,0,0
ALCOTT ELEMENTARY SCHOOL,41.92984985,-87.64641314,-9756754.080244813,5150477.077361723,0,0,0,1,3,3
ALCOTT HIGH SCHOOL,41.93579456,-87.68056201,-9760555.5157088,5151366.626646795,0,0,0,0,0,0
ALDRIDGE,41.65740497,-87.60647385,-9752308.058832603,5109797.72040539,0,1,0,0,1,1
AMUNDSEN HIGH SCHOOL,41.97506726,-87.67948421,-9760435.535824945,5157245.371268166,1,0,0,1,5,5
ARIEL,41.81117346,-87.59750293,-9751309.421036467,5132735.977584831,0,0,0,1,1,1
ARMOUR,41.83385391,-87.65065316,-9757226.07707918,5136123.965127771,0,0,0,0,0,0
ARMSTRONG G,42.01014998,-87.68444183,-9760987.41471419,5162499.983668224,0,0,0,0,4,4
ASHBURN,41.74235057,-87.70960968,-9763789.087482512,5122462.6028838,0,0,0,0,0,0
ASHE,41.74018379,-87.60117441,-9751718.127996247,5122139.34142129,0,0,0,0,1,1
AUDUBON,41.94506223,-87.68104105,-9760608.842259424,5152753.580805078,0,0,0,0,2,2
AUSTIN CCA HIGH SCHOOL,41.88599329,-87.76191637,-9769611.841654427,5143917.0600845665,0,1,1,1,1,1
AVALON PARK,41.74824699,-87.59165381,-9750658.299964672,5123342.3465694,0,0,0,0,0,0
AVONDALE-LOGANDALE,41.9341418,-87.70787059,-9763595.492579754,5151119.3041370865,1,1,0,0,0,0
AZUELA,41.77107907,-87.73992023,-9767163.242667405,5126749.642179138,0,0,0,0,2,2
BACK OF THE YARDS HIGH SCHOOL,41.80841254,-87.67754137,-9760219.259078156,5132323.635555379,0,0,0,0,0,0
BARNARD,41.70513101,-87.65807422,-9758052.186541626,5116911.329575118,0,0,0,0,2,2
BARRY,41.93251058,-87.73938835,-9767104.033750268,5150875.211635131,0,0,0,0,0,0
BARTON,41.75419385,-87.67092713,-9759482.965343894,5124229.69594738,0,1,0,0,2,2
BASS,41.77424645,-87.65353242,-9757546.595248016,5127222.414754062,0,0,0,0,0,0
BATEMAN,41.95821984,-87.70215096,-9762958.78654128,5154723.031662826,0,0,0,0,4,4
BEARD,41.97012488,-87.78963033,-9772696.945440443,5156505.346292604,0,1,1,0,2,2
BEASLEY,41.79846496,-87.62569158,-9754447.366928307,5130838.115778682,0,0,0,0,1,1
BEAUBIEN,41.97239395,-87.75756504,-9769127.453419348,5156845.087421871,0,0,0,0,0,0
BEETHOVEN,41.80913476,-87.62713681,-9754608.2488557,5132431.496218624,0,0,0,0,1,1
BEIDLER,41.88532104,-87.70585481,-9763371.097261444,5143816.5411655065,0,1,0,0,0,0
BELDING,41.95893849,-87.73401973,-9766506.401554102,5154830.612660177,0,0,0,0,1,1
BELL,41.9495298,-87.68601824,-9761162.900648994,5153422.248176746,1,0,0,0,0,0
BELMONT-CRAGIN,41.92160396,-87.75795257,-9769170.593553452,5149243.321212795,0,0,0,1,0,0
BENNETT,41.71043495,-87.61739046,-9753523.290164087,5117702.212050764,0,0,0,2,0,0
BLACK,41.72969236,-87.57664295,-9748987.298706561,5120574.278589474,0,0,0,0,0,0
BLAINE,41.95078052,-87.66496784,-9758819.580877814,5153609.453371618,0,0,1,0,0,0
BLAIR,41.77655627,-87.79060442,-9772805.380976688,5127567.2001791615,0,0,0,0,0,0
BOGAN HIGH SCHOOL,41.74937561,-87.72109745,-9765067.899548998,5123510.744558408,0,0,1,1,0,0
BOND,41.76536057,-87.65301779,-9757489.306470765,5125896.139508601,1,0,0,0,0,0
BOONE,42.00341161,-87.69746282,-9762436.905213565,5161490.49997397,0,0,0,0,1,1
BOUCHET,41.76084748,-87.57607486,-9748924.058768557,5125222.60284374,0,0,0,0,2,2
BOWEN HIGH SCHOOL,41.73462672,-87.55755003,-9746861.884875061,5121310.331543984,0,0,0,0,0,0
BRADWELL,41.75436513,-87.55714197,-9746816.459529966,5124255.254619943,0,0,0,0,0,0
BRENNEMANN,41.95998416,-87.64974917,-9757125.445225038,5154987.147925528,0,0,0,1,0,0
BRENTANO,41.9309661,-87.6962942,-9762306.814619511,5150644.102729935,0,0,0,0,3,3
BRIDGE,41.94911439,-87.79866892,-9773703.116564637,5153360.070972548,0,0,0,1,1,1
BRIGHT,41.69972622,-87.56208423,-9747366.62928061,5116105.475767534,0,0,0,0,0,0
BRIGHTON PARK,41.8239,-87.69207693,-9761837.350460062,5134636.910170164,1,0,0,1,1,1
BRONZEVILLE CLASSICAL,41.81991148,-87.62667806,-9754557.181253472,5134041.114271149,0,0,0,0,0,0
BRONZEVILLE HIGH SCHOOL,41.80520417,-87.62500447,-9754370.87818339,5131844.488922846,0,1,1,0,0,0
BROOKS HIGH SCHOOL,41.69276253,-87.61635261,-9753407.757327506,5115067.289575487,0,0,0,1,1,1
BROWN R,41.66487335,-87.63895773,-9755924.147622047,5110910.540962819,0,0,0,0,2,2
BROWN W,41.88299679,-87.67068239,-9759455.721207315,5143469.010936254,0,0,0,0,0,0
BROWNELL,41.77162036,-87.62174597,-9754008.14361609,5126830.434704606,0,0,0,0,0,0
BRUNSON,41.89766257,-87.76560566,-9770022.531071873,5145662.099087529,0,0,0,4,0,0
BUDLONG,41.97575433,-87.69655603,-9762335.961826276,5157348.251857307,0,0,0,0,0,0
BURBANK,41.91759814,-87.78269957,-9771925.416687466,5148644.025550707,0,2,0,0,2,2
BURKE,41.79675956,-87.61614052,-9753384.148358565,5130583.464132025,0,0,0,0,0,0
BURLEY,41.93793747,-87.66985312,-9759363.407698357,5151687.307400194,0,0,0,0,1,1
BURNHAM,41.71440206,-87.56713059,-9747928.387658888,5118293.80025648,0,0,0,0,0,0
BURNSIDE,41.72848064,-87.60743532,-9752415.089670522,5120393.535847559,1,0,0,0,0,0
BURR,41.91235791,-87.6686606,-9759230.656940397,5147860.11102194,0,0,0,0,1,1
BURROUGHS,41.82886791,-87.69245663,-9761879.618376905,5135379.057063146,0,0,0,0,3,3
BYRNE,41.79503097,-87.79154448,-9772910.02776899,5130325.354590986,0,1,1,1,1,1
CALDWELL,41.73922636,-87.58072903,-9749442.1586642,5121996.504987916,0,0,1,0,0,0
CALMECA,41.82437733,-87.71165364,-9764016.61990508,5134708.214781914,0,0,0,0,0,0
CAMERON,41.90379212,-87.71792664,-9764714.926472558,5146578.846463685,0,2,0,0,0,0
CAMRAS,41.93493062,-87.77012726,-9770525.873218505,5151237.344836722,0,0,0,0,1,1
CANTY,41.94800703,-87.8292957,-9777112.474168908,5153194.327880726,1,0,0,1,1,1
CARDENAS,41.84848777,-87.71601741,-9764502.392199434,5138310.59712788,0,0,0,0,0,0
CARNEGIE,41.78336832,-87.59079501,-9750562.698608698,5128584.103908735,0,0,0,0,0,0
CARROLL,41.74251663,-87.69601208,-9762275.408804702,5122487.377760898,0,0,0,0,0,0
CARSON,41.79327214,-87.68779954,-9761361.193933748,5130062.739565105,0,0,0,0,2,2
CARTER,41.78982791,-87.62245275,-9754086.822400464,5129548.4904471,0,0,0,0,0,0
CARVER G,41.65370212,-87.59951563,-9751533.473914165,5109246.027128684,0,0,0,2,1,1
CARVER MILITARY HIGH SCHOOL,41.65628995,-87.59062039,-9750543.259542398,5109631.588989981,0,0,0,1,2,2
CASALS,41.90450276,-87.71423365,-9764303.824875263,5146685.1379173985,0,0,0,0,0,0
CASSELL,41.68734706,-87.70321549,-9763077.28908868,5114259.998176309,0,0,0,0,1,1
CATHER,41.88294992,-87.69918701,-9762628.840829752,5143462.004357815,0,2,0,1,0,0
CHALMERS,41.86643525,-87.69525937,-9762191.617889993,5140993.0424838355,0,0,0,0,1,1
CHAPPELL,41.9758943,-87.68326359,-9760856.25414357,5157369.210750671,0,0,0,0,6,6
CHASE,41.91799265,-87.69456225,-9762114.015175767,5148703.0458547175,0,0,0,1,1,1
CHAVEZ,41.80714283,-87.66603693,-9758938.591385277,5132134.01061086,0,0,0,0,2,2
CHICAGO ACADEMY ELEMENTARY SCHOOL,41.94305592,-87.7781868,-9771423.05763945,5152453.309877281,0,0,0,0,1,1
CHICAGO ACADEMY HIGH SCHOOL,41.94305449,-87.77684657,-9771273.863164553,5152453.096001957,0,0,0,0,0,0
CHICAGO AGRICULTURE HIGH SCHOOL,41.69122074,-87.71776967,-9764697.453485256,5114837.446608968,0,0,0,0,0,0
CHICAGO MILITARY HIGH SCHOOL,41.83055498,-87.61921554,-9753726.457867773,5135631.098680971,0,0,0,0,0,0
CHICAGO VOCATIONAL HIGH SCHOOL,41.73717393,-87.57326752,-9748611.546948703,5121690.318797426,0,0,0,0,4,4
CHOPIN,41.89671269,-87.68893676,-9761487.788599867,5145520.040447043,0,0,0,0,1,1
CHRISTOPHER,41.80165863,-87.685607,-9761117.12148065,5131315.015764076,0,0,0,4,0,0
CLAREMONT,41.77751051,-87.6810612,-9760611.084742503,5127709.642378094,0,0,0,0,0,0
CLARK ELEMENTARY SCHOOL,41.86781257,-87.77041753,-9770558.185861364,5141198.928399395,0,0,0,1,1,1
CLARK HIGH SCHOOL,41.87288501,-87.75332487,-9768655.440094506,5141957.2118924055,0,0,0,1,0,0
CLAY,41.65455815,-87.5446136,-9745421.80738882,5109373.565820617,0,0,0,2,0,0
CLEMENTE HIGH SCHOOL,41.90262579,-87.68690615,-9761261.74139394,5146404.401648808,1,0,0,0,1,1
CLEVELAND,41.95204212,-87.70644253,-9763436.52122413,5153798.291224277,0,0,0,0,1,1
CLINTON,41.99254136,-87.69835995,-9762536.773520134,5159862.24134695,0,0,0,1,0,0
CLISSOLD,41.69302601,-87.68089679,-9760592.782650964,5115106.568184436,0,0,0,1,0,0
COLEMON,41.67750545,-87.65811084,-9758056.262482133,5112793.0713838395,0,0,0,0,0,0
COLES,41.74141281,-87.56596977,-9747799.165818345,5122322.6970872795,0,0,0,0,0,0
COLLINS HIGH SCHOOL,41.86414857,-87.70204159,-9762946.610860389,5140651.230886938,0,0,0,0,0,0
COLUMBIA EXPLORERS,41.81106861,-87.70419859,-9763186.727597015,5132720.317597062,0,0,0,2,0,0
COLUMBUS,41.89956578,-87.68193805,-9760708.695417995,5145946.736641142,0,0,0,0,0,0
COOK,41.74523702,-87.65977459,-9758241.470389841,5122893.250267737,0,0,0,2,2,2
COONLEY,41.9555532,-87.6837653,-9760912.104117708,5154323.851639834,0,0,0,0,0,0
COOPER,41.85603119,-87.66722708,-9759071.078300366,5139437.951494321,0,0,1,0,1,1
CORKERY,41.84560242,-87.73119287,-9766191.716494266,5137879.420801745,0,1,0,0,2,2
CORLISS HIGH SCHOOL,41.70665962,-87.60121588,-9751722.74426141,5117139.256766996,0,0,0,0,0,0
COURTENAY,41.96230777,-87.66385296,-9758695.472829998,5155335.002175627,0,0,0,0,2,2
CRANE MEDICAL HIGH SCHOOL,41.87694744,-87.68330135,-9760860.456975814,5142564.553035151,0,0,0,1,1,1
CROWN,41.85266349,-87.71247015,-9764107.513386419,5138934.636154522,0,0,0,1,0,0
CUFFE,41.74245163,-87.65363345,-9757557.841508275,5122477.680337795,0,0,0,1,0,0
CULLEN,41.70033514,-87.61124446,-9752839.120877216,5116196.262277581,0,0,1,1,0,0
CURIE HIGH SCHOOL,41.80306021,-87.72204165,-9765173.008345095,5131524.317200607,0,0,0,1,2,2
CURTIS,41.6854184,-87.62165261,-9753997.75074106,5113972.507608734,0,0,0,1,0,0
DALEY,41.80234287,-87.6722064,-9759625.373411926,5131417.194773051,0,0,0,1,0,0
DARWIN,41.92332272,-87.70541291,-9763321.905383384,5149500.470072415,0,0,0,0,1,1
DAVIS M,41.77122111,-87.66652988,-9758993.466217507,5126770.842900158,0,0,0,0,0,0
DAVIS N,41.82185161,-87.70020216,-9762741.846947484,5134330.922140557,0,0,0,0,1,1
DAWES,41.74507775,-87.71735342,-9764651.1168524,5122869.48731503,0,0,0,0,1,1
DE DIEGO,41.90529385,-87.6857562,-9761133.730435578,5146803.462602899,0,0,0,1,2,2
DECATUR,42.00928856,-87.70461859,-9763233.482016012,5162370.926406649,0,0,0,0,0,0
DENEEN,41.76249026,-87.62334459,-9754186.101280537,5125467.76773695,0,0,0,0,1,1
DEPRIEST,41.87797883,-87.76629755,-9770099.552584155,5142718.75361913,0,0,0,0,0,0
DETT,41.87986982,-87.68031497,-9760528.014672404,5143001.477026379,0,0,0,0,0,0
DEVER,41.94255167,-87.81313153,-9775313.086357279,5152377.843494521,0,0,0,1,1,1
DEVRY HIGH SCHOOL,41.94138764,-87.69076139,-9761690.905420473,5152203.636259828,0,0,0,0,0,0
DEWEY,41.79564568,-87.64265158,-9756335.345483,5130417.14182985,0,0,0,0,1,1
DIRKSEN,41.97371478,-87.84104144,-9778420.00414662,5157042.857943165,0,0,0,1,0,0
DISNEY,41.95681613,-87.64608274,-9756717.301092133,5154512.903138342,0,0,0,0,2,2
DISNEY II ELEMENTARY SCHOOL,41.95046051,-87.73067838,-9766134.443780843,5153561.554181244,0,0,0,0,1,1
DISNEY II HIGH SCHOOL,41.95248767,-87.72136351,-9765097.517773332,5153864.9822333725,0,0,0,1,0,0
DIXON,41.74366924,-87.60997887,-9752698.236723838,5122659.341447941,0,0,0,0,1,1
DOOLITTLE,41.83112063,-87.61227454,-9752953.789366188,5135715.606209751,0,0,1,1,0,0
DORE,41.78095446,-87.78760442,-9772471.422141597,5128223.750497371,0,0,0,3,1,1
DOUGLASS HIGH SCHOOL,41.89036863,-87.76766846,-9770252.160585823,5144571.316737202,0,0,0,0,0,0
DRAKE,41.84404331,-87.62855345,-9754765.94862529,5137646.441073099,0,0,0,0,0,0
DRUMMOND,41.9159138,-87.6744946,-9759880.094311042,5148392.049494706,0,0,0,1,0,0
DUBOIS,41.65373298,-87.61432001,-9753181.489736479,5109250.625648746,0,0,0,0,0,0
DULLES,41.77990049,-87.61721418,-9753503.667138238,5128066.412679539,1,0,0,0,1,1
DUNBAR HIGH SCHOOL,41.84022557,-87.61763743,-9753550.783729691,5137075.975153099,0,0,0,0,1,1
DUNNE,41.69649616,-87.6399736,-9756037.234758602,5115623.906682339,0,0,0,0,0,0
DURKIN PARK,41.73884394,-87.72995529,-9766053.950467417,5121939.454612961,0,0,0,1,0,0
DVORAK,41.85888345,-87.71574357,-9764471.908965563,5139864.251720907,0,0,0,0,1,1
DYETT ARTS HIGH SCHOOL,41.80120417,-87.61223911,-9752949.84445466,5131247.15148808,0,0,0,0,0,0
EARHART,41.72610746,-87.58218174,-9749603.873621704,5120039.557512325,0,0,0,0,0,0
EARLE,41.78122517,-87.67554666,-9759997.209226985,5128264.1626808,0,0,0,0,1,1
EBERHART,41.77442045,-87.70795263,-9763604.625679746,5127248.387435789,0,0,0,0,1,1
EBINGER,42.00440792,-87.81116978,-9775094.706411894,5161639.752129789,0,0,1,0,0,0
EDGEBROOK,41.99943683,-87.76184047,-9769603.392694622,5160895.084703769,0,0,1,0,1,1
EDISON,41.9715061,-87.70930367,-9763755.021906495,5156712.150655345,0,0,0,0,0,0
EDISON PARK,41.99423795,-87.81377123,-9775384.29840986,5160116.355922674,0,0,0,1,1,1
EDWARDS,41.80554154,-87.72585618,-9765597.639128007,5131894.871317738,0,0,0,4,0,0
ELLINGTON,41.88552958,-87.76658938,-9770132.038189609,5143847.723406173,0,0,0,0,1,1
ENGLEWOOD STEM HIGH SCHOOL,41.77028021,-87.63602379,-9755597.543028772,5126630.405273234,0,0,0,2,0,0
ERICSON,41.87574412,-87.71580443,-9764478.683837306,5142384.650627333,0,0,0,0,0,0
ESMOND,41.68941961,-87.66915867,-9759286.10141812,5114568.947891262,0,0,0,0,0,0
EVERETT,41.83155516,-87.6813103,-9760638.81509762,5135780.525254624,0,0,0,1,2,2
EVERGREEN,41.82935562,-87.66781651,-9759136.693046665,5135451.918636851,0,0,0,0,1,1
EVERS,41.71566536,-87.63930547,-9755962.858280312,5118482.19449611,0,0,0,0,0,0
FAIRFIELD,41.7809039,-87.69211506,-9761841.59548507,5128216.201943515,0,0,0,0,1,1
FALCONER,41.93578457,-87.74933063,-9768210.802641708,5151365.132805398,0,1,0,0,2,2
FARADAY,41.87971359,-87.70809202,-9763620.142165769,5142978.118688764,0,1,0,0,0,0
FARNSWORTH,41.97979006,-87.76607166,-9770074.40591576,5157952.572863357,0,0,0,1,1,1
FARRAGUT HIGH SCHOOL,41.84855987,-87.70870563,-9763688.449119456,5138321.372340188,0,0,0,1,1,1
FENGER HIGH SCHOOL,41.68995073,-87.63757205,-9755769.895054009,5114648.122002034,0,0,0,0,2,2
FERNWOOD,41.71118362,-87.64041365,-9756086.219937904,5117813.853810342,0,0,0,0,2,2
FIELD,42.00966386,-87.6699854,-9759378.132657109,5162427.152553526,0,0,0,0,0,0
FINKL,41.84921491,-87.68566784,-9761123.89411365,5138419.260735729,0,0,0,0,1,1
FISKE,41.78518282,-87.6086329,-9752548.403130233,5128854.989772183,0,0,0,0,3,3
FOREMAN HIGH SCHOOL,41.93979677,-87.75416654,-9768749.134655688,5151965.553426452,0,0,0,1,1,1
FORT DEARBORN,41.72967267,-87.65548116,-9757763.528071726,5120571.342061283,0,0,0,0,1,1
FOSTER PARK,41.73842548,-87.66809931,-9759168.174264196,5121877.026599642,0,0,0,0,0,0
FRANKLIN,41.90659999,-87.63551281,-9755540.661451757,5146998.826992951,0,0,0,1,3,3
FRAZIER PROSPECTIVE,41.86697963,-87.72724438,-9765752.172902524,5141074.417060837,0,0,0,0,0,0
FULLER,41.8180034,-87.61178404,-9752899.187118467,5133756.10262597,0,0,0,0,0,0
FULTON,41.79758027,-87.66843588,-9759205.641005022,5130706.012104306,0,0,0,0,1,1
FUNSTON,41.91761651,-87.71689166,-9764599.714094846,5148646.774669612,0,0,0,1,1,1
GAGE PARK HIGH SCHOOL,41.79101284,-87.68895394,-9761489.70101215,5129725.406280227,0,1,0,0,2,2
GALE,42.02109056,-87.67193898,-9759595.60369065,5164139.230968281,0,0,0,1,0,0
GALILEO,41.87125482,-87.65336555,-9757528.019686608,5141713.508016538,0,0,0,0,0,0
GALLISTEL,41.706801,-87.53517531,-9744371.141547589,5117160.338286109,0,0,0,1,0,0
GARVEY,41.70660286,-87.64757717,-9756883.659294745,5117130.793696965,0,0,0,0,1,1
GARVY,41.97635166,-87.79623511,-9773432.18646509,5157437.69587025,0,0,0,2,0,0
GARY,41.83706515,-87.71869664,-9764800.64254984,5136603.755022912,0,1,0,2,1,1
GILLESPIE,41.72533228,-87.62371944,-9754227.82919529,5119923.936905507,1,0,0,0,0,0
GOETHE,41.92283101,-87.6928997,-9761928.940325528,5149426.903134501,0,0,0,1,0,0
GOODE HIGH SCHOOL,41.7537498,-87.70734535,-9763537.022975884,5124163.435278355,0,0,1,0,0,0
GOUDY,41.97581653,-87.65791249,-9758034.182655547,5157357.565550325,0,0,0,0,1,1
GRAHAM ELEMENTARY SCHOOL,41.81330373,-87.64334424,-9756412.451729031,5133054.144192019,0,0,0,1,0,0
GRAHAM HIGH SCHOOL,41.84967542,-87.62531482,-9754405.425836619,5138488.080600292,0,1,0,0,1,1
GRAY,41.94876358,-87.7571156,-9769077.421921834,5153307.56381846,0,3,0,0,2,2
GREELEY,41.95280951,-87.65097987,-9757262.446589645,5153913.156741745,0,0,0,3,1,1
GREEN,41.71929195,-87.65250014,-9757431.682253227,5119023.045314353,0,0,0,0,0,0
GREENE,41.82966928,-87.67149237,-9759545.887673032,5135498.778326771,0,1,0,1,1,1
GREGORY,41.87074216,-87.71866613,-9764797.246547587,5141636.868906703,0,0,0,0,1,1
GRESHAM,41.73892016,-87.64502524,-9756599.57999669,5121950.824926928,0,0,0,1,2,2
GRIMES,41.77546426,-87.75880329,-9769265.295284143,5127404.195119869,0,0,1,0,0,0
GRISSOM,41.662481,-87.55330671,-9746389.520256987,5110554.0563518,0,0,0,0,0,0
GUNSAULUS,41.81300737,-87.69936419,-9762648.563990293,5133009.880716082,0,0,0,0,1,1
HAINES,41.84995832,-87.63380633,-9755350.697038438,5138530.357768954,0,1,0,0,0,0
HALE,41.78019173,-87.77657871,-9771244.045470808,5128109.888713606,0,0,0,0,3,3
HALEY,41.68665997,-87.63363214,-9755331.30576628,5114157.578408593,0,0,0,0,0,0
HAMILTON,41.94521966,-87.67086537,-9759476.090731768,5152777.142735212,0,0,0,0,1,1
HAMLINE,41.80724156,-87.66117466,-9758397.325473523,5132148.754793105,0,0,0,2,1,1
HAMMOND,41.85271913,-87.6962433,-9762301.148740945,5138942.9524977775,0,0,0,5,0,0
HAMPTON,41.75345719,-87.70873128,-9763691.304712165,5124119.772519104,0,0,0,0,1,1
HANCOCK HIGH SCHOOL,41.79146391,-87.72447046,-9765443.38220376,5129792.753930098,0,0,0,0,1,1
HANSON PARK,41.92395526,-87.76151477,-9769567.13551106,5149595.108086007,0,1,0,1,2,2
HARLAN HIGH SCHOOL,41.71837235,-87.62062344,-9753883.183914961,5118885.897817766,0,0,0,0,1,1
HARPER HIGH SCHOOL,41.77512408,-87.6690893,-9759278.378786815,5127353.417077319,0,0,0,0,0,0
HARTE,41.79344724,-87.5868546,-9750124.053888846,5130088.883900948,0,0,0,0,0,0
HARVARD,41.75734054,-87.63273687,-9755231.645659411,5124699.257132647,0,0,0,1,1,1
HAUGAN,41.96402871,-87.72312804,-9765293.94364709,5155592.641073368,0,0,0,1,3,3
HAWTHORNE,41.94227549,-87.65770888,-9758011.516307453,5152336.510235988,0,0,0,1,0,0
HAY,41.89917136,-87.75581325,-9768932.445447283,5145887.74763261,0,0,0,0,0,0
HAYT,41.99454089,-87.66850377,-9759213.198804246,5160161.730275951,0,0,0,0,1,1
HEALY,41.83959486,-87.64034075,-9756078.105222547,5136981.733656624,0,0,0,0,0,0
HEARST,41.808175,-87.74572606,-9767809.543936834,5132288.159393589,0,0,0,0,0,0
HEDGES,41.80711213,-87.67332726,-9759750.146621672,5132129.42588888,0,0,0,3,1,1
HEFFERAN,41.87866465,-87.73580189,-9766704.791118653,5142821.289400272,0,0,0,2,1,1
HENDERSON,41.79059129,-87.67188731,-9759589.851923361,5129662.466372767,0,0,0,0,0,0
HENDRICKS,41.81578775,-87.63366448,-9755334.90595929,5133425.159285068,0,0,0,0,0,0
HENRY,41.9589888,-87.71563237,-9764459.530227652,5154838.143008035,0,0,0,0,0,0
HERNANDEZ,41.79347933,-87.71136992,-9763985.036423264,5130093.674756496,0,0,0,0,0,0
HERZL,41.8620813,-87.71899385,-9764833.728767175,5140342.227595555,0,0,0,0,0,0
HIBBARD,41.97033524,-87.71036161,-9763872.792141203,5156536.841283106,0,1,0,2,0,0
HIGGINS,41.68103137,-87.64699404,-9756818.745865187,5113318.597004819,1,0,1,0,1,1
HIRSCH HIGH SCHOOL,41.75374796,-87.60172727,-9751779.671902433,5124163.159733749,0,0,0,0,0,0
HITCH,41.9836717,-87.77912305,-9771527.280444663,5158533.856899952,0,0,0,0,0,0
HOLDEN,41.83802739,-87.65379167,-9757575.454616439,5136747.52681734,0,0,0,1,0,0
HOLMES,41.79378765,-87.64979536,-9757130.5871069,5130139.710508346,0,0,0,1,0,0
HOWE,41.89361221,-87.75939839,-9769331.540558092,5145056.367079844,0,0,0,0,1,1
HOYNE,41.73333775,-87.5682281,-9748050.561948124,5121118.052142841,0,0,0,0,0,0
HUBBARD HIGH SCHOOL,41.78052639,-87.71801374,-9764724.623293832,5128159.846395159,0,1,1,3,0,0
HUGHES C,41.86051774,-87.73177739,-9766256.785125395,5140108.522839021,0,0,0,0,0,0
HUGHES L,41.70534232,-87.62986866,-9754912.357473433,5116942.837232439,0,0,0,0,1,1
HURLEY,41.76678528,-87.71954083,-9764894.618108429,5126108.77507293,0,0,1,1,0,0
HYDE PARK HIGH SCHOOL,41.78225693,-87.58661501,-9750097.383213883,5128418.187273883,0,0,0,3,2,2
INFINITY HIGH SCHOOL,41.83616882,-87.73527796,-9766646.467293259,5136469.831954186,0,0,0,0,0,0
INTER-AMERICAN,41.9490033,-87.65157334,-9757328.511677425,5153343.44411563,0,0,0,0,1,1
IRVING,41.87159549,-87.68361565,-9760895.445200136,5141764.435607576,0,0,0,0,0,0
JACKSON A,41.87429964,-87.66098467,-9758376.176107809,5142168.69743649,1,1,0,0,0,0
JACKSON M,41.73412547,-87.64676673,-9756793.442550138,5121235.558407288,0,0,0,0,3,3
JAHN,41.9392475,-87.67580972,-9760026.492774613,5151883.353398654,0,0,0,1,0,0
JAMIESON,41.98464078,-87.70052942,-9762778.277317757,5158678.984362125,0,0,0,1,1,1
JEFFERSON HIGH SCHOOL,41.86783229,-87.68041755,-9760539.434716456,5141201.875812745,0,0,0,0,0,0
JENSEN,41.87381495,-87.70224105,-9762968.815400852,5142096.23629342,0,0,0,0,2,2
JOHNSON,41.86183619,-87.70313876,-9763068.748038393,5140305.591402737,0,0,0,0,0,0
JONES HIGH SCHOOL,41.87306592,-87.62767532,-9754668.19634538,5141984.258586115,1,0,1,0,1,1
JOPLIN,41.74933916,-87.66936565,-9759309.142284684,5123505.306113607,0,0,0,0,0,0
JORDAN,42.01708759,-87.67776252,-9760243.877269661,5163539.426077767,1,0,0,0,0,0
JUAREZ HIGH SCHOOL,41.85267014,-87.66433931,-9758749.61267154,5138935.629702238,0,0,2,1,3,3
JULIAN HIGH SCHOOL,41.70585894,-87.65374921,-9757570.728264295,5117019.868204862,0,0,0,2,0,0
JUNGMAN,41.85806478,-87.65230159,-9757409.580356458,5139741.890728554,0,0,0,1,0,0
KANOON,41.85077148,-87.70511208,-9763288.416390333,5138651.881064862,0,1,0,0,1,1
KELLER,41.69717033,-87.69727834,-9762416.368431492,5115724.4167556865,0,0,0,0,1,1
KELLMAN,41.87016772,-87.7021629,-9762960.115984267,5141550.994472025,0,0,0,1,0,0
KELLOGG,41.72526344,-87.67723251,-9760184.876735095,5119913.669342773,0,0,0,0,0,0
KELLY HIGH SCHOOL,41.81872906,-87.69463866,-9762122.520921199,5133864.494151272,0,0,0,1,0,0
KELVYN PARK HIGH SCHOOL,41.9279184,-87.73599882,-9766726.713058611,5150188.078326329,0,0,0,0,0,0
KENNEDY HIGH SCHOOL,41.78996125,-87.78083976,-9771718.382944634,5129568.399682073,0,0,1,2,0,0
KENWOOD HIGH SCHOOL,41.80377212,-87.59042089,-9750521.051782351,5131630.630328595,0,0,2,1,2,2
KERSHAW,41.77645281,-87.64089203,-9756139.472940454,5127551.756587983,0,0,0,0,0,0
KILMER,42.00364046,-87.66822247,-9759181.883738302,5161524.783273796,0,0,0,0,0,0
KING ELEMENTARY SCHOOL,41.76533498,-87.64133454,-9756188.733517993,5125892.320830701,0,0,0,0,1,1
KING HIGH SCHOOL,41.81367545,-87.60387386,-9752018.629796097,5133109.664088142,0,0,0,0,0,0
KINZIE,41.78996463,-87.7794826,-9771567.305127438,5129568.904563082,0,0,0,0,0,0
KIPLING,41.72362691,-87.63952072,-9755986.820050094,5119669.57864127,0,0,0,0,0,0
KOZMINSKI,41.79800188,-87.60248145,-9751863.626997553,5130768.967207879,0,0,0,0,0,0
LAKE VIEW HIGH SCHOOL,41.95476407,-87.66895269,-9759263.171784395,5154205.727373505,0,0,0,3,0,0
LANE TECH HIGH SCHOOL,41.94664458,-87.69101263,-9761718.872755343,5152990.40773034,0,0,0,2,2,2
LANGFORD,41.78468086,-87.65716921,-9757951.440322313,5128780.05204715,0,0,0,0,0,0
LARA,41.8097703,-87.67218159,-9759622.611701757,5132526.413243372,0,0,0,2,0,0
LASALLE,41.91389953,-87.63756486,-9755769.094968762,5148090.724401319,0,0,0,0,0,0
LASALLE II,41.90291446,-87.67369603,-9759791.19821523,5146447.57634747,0,0,0,0,0,0
LAVIZZO,41.69626235,-87.62714769,-9754609.460287387,5115589.048048466,0,0,0,0,0,0
LAWNDALE,41.86296002,-87.71295679,-9764161.685479704,5140473.573370773,0,0,0,0,1,1
LEE,41.77530539,-87.72888429,-9765934.727351941,5127380.480082201,0,0,1,0,1,1
LELAND,41.87358678,-87.74927555,-9768204.672201172,5142062.125674159,0,0,0,0,1,1
LENART,41.74718592,-87.62804036,-9754708.83244059,5123184.028592741,0,0,0,0,1,1
LEWIS,41.90682605,-87.75454995,-9768791.815291608,5147032.640155332,0,0,0,0,0,0
LIBBY,41.79768483,-87.65993282,-9758259.084267378,5130721.625392868,0,0,0,1,1,1
LINCOLN,41.92452482,-87.6444973,-9756540.81070843,5149680.3237711135,1,1,0,0,1,1
LINCOLN PARK HIGH SCHOOL,41.91826831,-87.64600936,-9756709.131991243,5148744.285058558,0,0,0,1,0,0
LINDBLOM HIGH SCHOOL,41.7820408,-87.67166185,-9759564.754102465,5128385.923195668,0,0,0,2,6,6
LITTLE VILLAGE,41.84369812,-87.71731895,-9764647.279565014,5137594.858977444,0,0,0,1,0,0
LLOYD,41.9188141,-87.74851501,-9768120.009170482,5148825.936523676,0,0,0,0,5,5
LOCKE J,41.93176235,-87.79560407,-9773361.939081345,5150763.249897802,0,0,0,0,1,1
LORCA,41.94002591,-87.72478312,-9765478.187264865,5151999.846013994,0,0,0,0,0,0
LOVETT,41.91271803,-87.78391885,-9772061.145868791,5147913.981129927,0,0,0,0,1,1
LOWELL,41.90651959,-87.710217,-9763856.694025865,5146986.801282245,0,0,0,0,1,1
LOZANO,41.90888613,-87.66509327,-9758833.54338281,5147340.784060241,0,0,0,0,0,0
LYON,41.93419216,-87.7771742,-9771310.335096011,5151126.840657544,0,0,0,1,0,0
MADERO,41.84095691,-87.70506426,-9763283.093422662,5137185.252867889,0,0,0,0,0,0
MADISON,41.75954806,-87.5907124,-9750553.502095878,5125028.685015114,0,0,0,0,0,0
MANIERRE,41.90824688,-87.63982651,-9756020.860692823,5147245.165381907,0,0,0,0,0,0
MANLEY HIGH SCHOOL,41.87093896,-87.69989559,-9762707.71975105,5141666.28803425,0,0,0,0,0,0
MANN,41.74827413,-87.57481564,-9748783.883062502,5123346.394970924,0,0,0,0,0,0
MARINE LEADERSHIP AT AMES HIGH SCHOOL,41.91604463,-87.72174232,-9765139.68620287,5148411.621667585,0,0,0,2,1,1
MARQUETTE,41.77388108,-87.6970298,-9762388.70133305,5127167.877225,0,0,0,1,1,1
MARSH,41.71658802,-87.55248343,-9746297.87270213,5118619.791851068,0,0,0,1,0,0
MARSHALL HIGH SCHOOL,41.87844409,-87.70805007,-9763615.472238531,5142788.3131827265,0,0,0,0,0,0
MASON,41.8568637,-87.73167243,-9766245.101703512,5139562.37690167,0,0,0,0,1,1
MATHER HIGH SCHOOL,41.98758868,-87.7024964,-9762997.24006791,5159120.470053701,0,0,0,2,2,2
MAYER,41.92320352,-87.65728744,-9757964.602036877,5149482.636691583,0,0,0,0,0,0
MAYS,41.7727275,-87.63727735,-9755737.088801822,5126995.688229602,0,0,0,0,0,0
MCAULIFFE,41.91481634,-87.72393113,-9765383.344002895,5148227.873478418,0,0,0,1,2,2
MCCLELLAN,41.82999286,-87.64110258,-9756162.911246527,5135547.120295674,0,0,0,0,1,1
MCCORMICK,41.84226717,-87.70630009,-9763420.665678537,5137381.036070086,0,0,0,0,0,0
MCCUTCHEON,41.97094908,-87.65475845,-9757683.076023499,5156628.750298623,0,0,0,0,1,1
MCDADE,41.73454991,-87.61921444,-9753726.335575541,5121298.873128974,0,0,0,0,0,0
MCDOWELL,41.73313231,-87.5895895,-9750428.5017624,5121087.406507916,0,0,0,0,1,1
MCKAY,41.76814276,-87.6917865,-9761805.02016469,5126311.380675608,0,0,0,0,0,0
MCNAIR,41.89781907,-87.74673078,-9767921.389108717,5145685.50407613,0,0,0,0,0,0
MCPHERSON,41.96784687,-87.67628825,-9760079.762874173,5156164.276818077,0,0,1,1,1,1
MELODY,41.87879893,-87.72466123,-9765464.618286997,5142841.366434051,0,0,0,0,1,1
METCALFE,41.66944402,-87.63430552,-9755406.26664786,5111591.654506522,0,0,0,0,0,0
MIRELES,41.73171692,-87.55278794,-9746331.771501308,5120876.272414472,0,0,0,0,2,2
MITCHELL,41.89208217,-87.68318459,-9760847.45928685,5144827.558602973,0,1,0,0,0,0
MOLLISON,41.81435828,-87.61661794,-9753437.294562923,5133211.651252231,0,0,0,0,0,0
MONROE,41.9299886,-87.71922375,-9764859.320738353,5150497.838746577,0,2,0,1,2,2
MOOS,41.91250548,-87.69694139,-9762378.859237038,5147882.18680987,0,0,0,0,2,2
MORGAN PARK HIGH SCHOOL,41.69203501,-87.66565755,-9758896.357991457,5114958.833383863,0,0,1,2,0,0
MORRILL,41.78431328,-87.68854926,-9761444.651495643,5128725.175835907,0,0,0,0,0,0
MORTON,41.88917814,-87.70510783,-9763287.943659477,5144393.294476347,0,0,0,1,0,0
MOUNT GREENWOOD,41.69573386,-87.70580994,-9763366.102658864,5115510.258763966,0,0,0,2,1,1
MOUNT VERNON,41.70195212,-87.64765249,-9756892.044064276,5116437.348381668,0,0,0,0,0,0
MOZART,41.92090965,-87.72188814,-9765155.91968987,5149139.445769077,0,2,0,0,0,0
MULTICULTURAL HIGH SCHOOL,41.83528187,-87.7352833,-9766647.061230188,5136337.313443557,0,0,0,0,0,0
MURPHY,41.95007775,-87.71683186,-9764593.056123324,5153504.2644911045,0,0,0,0,0,0
MURRAY,41.79853549,-87.59334041,-9750846.0508034,5130848.646811858,0,0,0,0,0,0
NASH,41.89180975,-87.74793588,-9768055.540123226,5144786.821249789,1,0,0,1,0,0
NATIONAL TEACHERS,41.85279977,-87.62930833,-9754849.981844105,5138955.003445835,0,0,0,0,0,0
NEIL,41.7384066,-87.62093346,-9753917.695054881,5121874.209587654,0,0,0,0,0,0
NETTELHORST,41.94163655,-87.64456122,-9756547.926068211,5152240.888197596,0,0,0,0,0,0
NEW FIELD,42.00770257,-87.67316833,-9759732.454569535,5162133.321527733,0,0,0,0,1,1
NEW SULLIVAN,41.74382852,-87.54292761,-9745234.123921007,5122683.105758439,0,0,0,0,1,1
NEWBERRY,41.91394722,-87.64599025,-9756707.00490236,5148097.857721607,0,0,0,0,0,0
NICHOLSON,41.78494238,-87.64745284,-9756869.819749696,5128819.094607924,0,0,0,0,4,4
NIGHTINGALE,41.79771438,-87.68913886,-9761510.286460163,5130726.037365174,0,2,0,5,1,1
NINOS HEROES,41.74375308,-87.55186172,-9746228.664547112,5122671.850196672,0,0,0,0,0,0
NIXON,41.91958145,-87.73142009,-9766217.011080017,5148940.7371685,0,1,0,1,1,1
NOBEL,41.90615515,-87.72995463,-9766053.876926567,5146932.29035559,0,0,0,0,0,0
NORTH RIVER,41.96172106,-87.70715073,-9763515.357989803,5155247.167406696,0,0,0,0,0,0
NORTH-GRAND HIGH SCHOOL,41.91167369,-87.73523756,-9766641.96934809,5147757.76029936,0,0,0,1,2,2
NORTHSIDE LEARNING HIGH SCHOOL,41.98297252,-87.72238622,-9765211.36467398,5158429.151466835,0,0,0,0,1,1
NORTHSIDE PREP HIGH SCHOOL,41.98131528,-87.7087078,-9763688.690518135,5158180.97471757,0,0,0,3,0,0
NORTHWEST,41.92061097,-87.75792051,-9769167.024170497,5149094.7607681155,0,0,0,0,0,0
NORWOOD PARK,41.98815251,-87.80297944,-9774182.961425986,5159204.912072886,0,0,0,0,0,0
OGDEN ELEMENTARY SCHOOL,41.89997649,-87.62929657,-9754848.672677658,5146008.162981955,0,0,0,3,2,2
OGDEN HIGH SCHOOL,41.89354764,-87.65940468,-9758200.292715069,5145046.7105301265,0,0,0,0,0,0
OGLESBY,41.75467006,-87.6454695,-9756649.034732157,5124300.756664118,0,0,0,1,1,1
OKEEFFE,41.76860231,-87.57280596,-9748560.166246809,5126379.969639041,0,0,0,0,0,0
ONAHAN,41.99379035,-87.79310826,-9773084.106144177,5160049.313821104,0,0,0,0,1,1
ORIOLE PARK,41.97850138,-87.81205404,-9775193.141218385,5157759.598261335,0,0,0,0,2,2
OROZCO,41.85775481,-87.67521046,-9759959.783480005,5139695.562431756,0,0,0,0,0,0
ORR HIGH SCHOOL,41.89454672,-87.72665959,-9765687.074609093,5145196.119489142,1,0,0,0,1,1
ORTIZ DE DOMINGUEZ,41.83879052,-87.71719032,-9764632.960256785,5136861.551233415,0,1,0,0,2,2
OTIS,41.89180608,-87.66542624,-9758870.608757226,5144786.272591777,0,0,0,1,0,0
OTOOLE,41.77457107,-87.674865,-9759921.327176673,5127270.870268374,0,0,0,0,0,0
OWEN,41.74284992,-87.70574909,-9763359.328093514,5122537.103246721,0,0,0,0,2,2
OWENS,41.67061754,-87.62254566,-9754097.164952062,5111766.537729826,0,0,0,0,0,0
PALMER,41.97328939,-87.73921295,-9767084.507689983,5156979.163941733,0,0,0,0,1,1
PARK MANOR,41.76647654,-87.61154559,-9752872.64302626,5126062.696115573,0,0,0,0,0,0
PARKER,41.7707798,-87.63408586,-9755381.813628122,5126704.972415921,0,1,0,0,1,1
PARKSIDE,41.76855519,-87.58295438,-9749689.88406188,5126372.936456246,0,0,0,0,0,0
PASTEUR,41.78689538,-87.73266646,-9766355.755730186,5129110.665175799,0,2,0,1,2,2
PAYTON HIGH SCHOOL,41.90157517,-87.63538477,-9755526.407582993,5146247.265024672,0,0,0,0,0,0
PEACE AND EDUCATION HIGH SCHOOL,41.80351472,-87.66737777,-9759087.851981,5131592.190990514,0,0,0,0,1,1
PECK,41.78789897,-87.71921626,-9764858.486968048,5129260.499009144,0,0,0,2,1,1
PEIRCE,41.98345579,-87.66585004,-9758917.786078759,5158501.523923501,0,0,0,0,1,1
PENN,41.85837242,-87.72238555,-9765211.29036651,5139787.871821658,1,0,0,0,2,2
PEREZ,41.85602872,-87.65798013,-9758041.711782038,5139437.582414606,0,0,0,0,0,0
PERSHING,41.83652695,-87.61833765,-9753628.731760437,5136523.3414753955,0,0,0,0,0,0
PETERSON,41.98155714,-87.71258258,-9764120.028709754,5158217.192981748,0,0,0,1,1,1
PHILLIPS HIGH SCHOOL,41.82387997,-87.61979635,-9753791.112616854,5134633.917684583,1,0,0,1,5,5
PHOENIX MILITARY HIGH SCHOOL,41.87911823,-87.68696022,-9761267.760698989,5142889.105196405,1,0,0,0,0,0
PICCOLO,41.90013966,-87.7312606,-9766199.25623049,5146032.566212618,0,0,0,0,2,2
PICKARD,41.8529004,-87.68329074,-9760859.276554383,5138970.0418328745,0,1,2,0,4,4
PILSEN,41.85884888,-87.66220943,-9758512.515943117,5139859.084595686,0,0,0,0,1,1
PIRIE,41.74034023,-87.60789114,-9752465.830850098,5122162.680741012,0,0,0,0,2,2
PLAMONDON,41.8602589,-87.69252575,-9761887.312974453,5140069.834802749,0,0,0,0,0,0
POE,41.70263,-87.60641917,-9752301.972605836,5116538.420684542,0,0,1,0,2,2
PORTAGE PARK,41.95698764,-87.761007,-9769510.611135677,5154538.576578759,0,0,0,0,0,0
POWELL,41.7603318,-87.55678925,-9746777.19466861,5125145.645295452,0,0,0,1,0,0
PRESCOTT,41.9288411,-87.6695275,-9759327.159862358,5150326.138679886,0,0,0,0,0,0
PRIETO,41.92131758,-87.76578057,-9770042.002272403,5149200.476493655,0,0,0,0,1,1
PRITZKER,41.90705301,-87.67776098,-9760243.70626849,5147066.587291746,0,0,0,2,1,1
PROSSER HIGH SCHOOL,41.9200594,-87.76104832,-9769515.209978202,5149012.241262377,0,0,0,0,5,5
PRUSSING,41.96561907,-87.77241417,-9770780.45068753,5155830.738083125,0,0,0,0,0,0
PULASKI,41.91848628,-87.68380143,-9760916.126078228,5148776.893662665,1,0,0,4,0,0
PULLMAN,41.68881935,-87.60943097,-9752637.243983537,5114479.468678173,0,0,0,0,0,0
RABY HIGH SCHOOL,41.88621006,-87.71542312,-9764436.236424984,5143949.473657306,0,0,0,0,0,0
RANDOLPH,41.76061413,-87.67596551,-9760043.835778132,5125187.778303012,0,0,0,0,0,0
RAVENSWOOD,41.96074569,-87.67092242,-9759482.441081671,5155101.151509646,0,0,0,0,0,0
RAY,41.79234788,-87.59475207,-9751003.196820594,5129924.737850837,0,0,0,0,0,0
REAVIS,41.80417379,-87.60492543,-9752135.689900022,5131690.614481419,0,0,0,1,0,0
REILLY,41.94109399,-87.71954054,-9764894.586002775,5152159.689486419,0,1,0,0,0,0
REINBERG,41.9430189,-87.76898262,-9770398.45256469,5152447.768800169,0,0,0,0,0,0
REVERE,41.76419587,-87.60017682,-9751607.07736856,5125722.31397119,0,0,0,0,0,0
RICHARDS HIGH SCHOOL,41.80288138,-87.66227785,-9758520.13158154,5131497.611606776,0,0,0,0,0,0
RICHARDSON,41.78382632,-87.7254216,-9765549.261602627,5128652.477844264,0,0,0,0,0,0
RICKOVER MILITARY HIGH SCHOOL,41.98902071,-87.66578851,-9758910.936752722,5159334.94143152,0,0,0,0,0,0
ROBINSON,41.81734933,-87.59906677,-9751483.506911872,5133658.40461482,0,0,0,0,0,0
ROGERS,42.01526505,-87.69718539,-9762406.022035375,5163266.348185191,0,0,0,0,0,0
ROOSEVELT HIGH SCHOOL,41.96482788,-87.71481862,-9764368.943312922,5155712.286810592,0,0,0,1,0,0
RUDOLPH,41.88356817,-87.66947671,-9759321.505386593,5143554.4449507,0,0,0,0,0,0
RUGGLES,41.75194558,-87.61806645,-9753598.541214762,5123894.214048046,0,0,0,0,0,0
RUIZ,41.84810094,-87.68074453,-9760575.833992083,5138252.789384159,0,0,0,1,0,0
RYDER,41.73537939,-87.6388427,-9755911.343114624,5121422.611429091,0,0,0,1,2,2
SABIN,41.90681581,-87.68304994,-9760832.470735561,5147031.10843919,0,0,0,0,0,0
SADLOWSKI,41.70489549,-87.52804557,-9743577.46266827,5116876.211808226,0,0,0,0,1,1
SALAZAR,41.90141653,-87.63363243,-9755331.338899653,5146223.538892445,0,0,0,1,0,0
SANDOVAL,41.79234608,-87.71098733,-9763942.446757283,5129924.469639028,0,0,1,1,3,3
SAUCEDO,41.84794072,-87.69731554,-9762420.509562451,5138228.845749486,0,0,1,1,0,0
SAUGANASH,41.99116925,-87.74595144,-9767834.633966371,5159656.731649706,0,0,0,1,1,1
SAWYER,41.7974982,-87.70500578,-9763276.583511457,5130693.757675429,0,0,0,1,5,5
SAYRE,41.91415063,-87.79872071,-9773708.881194556,5148128.286810564,0,0,0,1,1,1
SCAMMON,41.9416776,-87.73217878,-9766301.467716508,5152247.031523497,0,0,0,0,0,0
SCHMID,41.71698887,-87.59693188,-9751245.852133319,5118679.573017386,0,0,0,0,0,0
SCHUBERT,41.93040332,-87.76119047,-9769531.034400858,5150559.89263214,0,0,0,1,1,1
SCHURZ HIGH SCHOOL,41.94636454,-87.73561211,-9766683.66457506,5152948.495594758,0,0,0,1,4,4
SENN HIGH SCHOOL,41.98902854,-87.66713619,-9759060.959955402,5159336.113977357,0,0,1,3,1,1
SEWARD,41.81033324,-87.66877201,-9759243.05879451,5132610.488992084,0,0,1,0,2,2
SHERIDAN,41.84440016,-87.64133981,-9756189.319617908,5137699.764533966,1,0,0,0,0,0
SHERMAN,41.79976621,-87.65022145,-9757178.019248718,5131032.423911682,0,0,0,0,2,2
SHERWOOD,41.79080024,-87.63227938,-9755180.717891425,5129693.664685898,0,0,0,0,0,0
SHIELDS,41.81590949,-87.68964724,-9761566.87806957,5133443.342076928,0,0,0,1,2,2
SHIELDS MIDDLE,41.80649141,-87.68977977,-9761581.632076966,5132036.725876199,0,0,0,0,1,1
SHOESMITH,41.80429402,-87.59390494,-9750908.894694312,5131708.5684528565,0,0,0,0,0,0
SHOOP,41.69091888,-87.65866905,-9758118.402488051,5114792.446433093,0,0,0,0,0,0
SIMEON HIGH SCHOOL,41.74578123,-87.63541037,-9755529.257723778,5122974.446181263,0,0,1,1,0,0
SIMPSON HIGH SCHOOL,41.86436548,-87.66872223,-9759237.517064145,5140683.654658959,0,0,0,0,0,0
SKINNER,41.87910254,-87.65941898,-9758201.883660968,5142886.759527497,0,0,0,0,0,0
SKINNER NORTH,41.90510912,-87.64484149,-9756579.125855839,5146775.831428067,0,1,0,0,0,0
SMITH,41.70755762,-87.60466041,-9752106.187757201,5117273.158305435,0,0,1,0,0,0
SMYSER,41.95886804,-87.78197454,-9771844.7063463,5154820.065193235,0,0,0,2,2,2
SMYTH,41.86535102,-87.65344503,-9757536.866646925,5140830.970723463,0,1,0,1,1,1
SOCIAL JUSTICE HIGH SCHOOL,41.83350728,-87.73529947,-9766648.861520162,5136072.17611529,0,0,0,0,1,1
SOLOMON,41.99394233,-87.72404263,-9765395.756239885,5160072.078010438,0,0,0,0,1,1
SOLORIO HIGH SCHOOL,41.79520056,-87.71105882,-9763950.405024493,5130350.677000484,0,0,0,0,2,2
SOR JUANA,41.79007117,-87.72635,-9765652.611326257,5129584.810689148,0,0,0,1,1,1
SOUTH LOOP,41.86687451,-87.628615,-9754772.801146273,5141058.703192629,0,0,0,2,0,0
SOUTH SHORE ELEMENTARY SCHOOL,41.76775511,-87.5903961,-9750518.29246252,5126253.522334794,0,0,0,0,1,1
SOUTH SHORE INTL HIGH SCHOOL,41.75879166,-87.57635264,-9748954.981171174,5124915.8066539485,0,0,0,0,0,0
SOUTHSIDE HIGH SCHOOL,41.75985243,-87.67594677,-9760041.748983076,5125074.106900089,0,0,0,0,2,2
SPENCER,41.8848764,-87.75044473,-9768334.824344592,5143750.055898382,0,0,0,0,0,0
SPRY ELEMENTARY SCHOOL,41.84774672,-87.70018447,-9762739.87792106,5138199.8556733625,0,0,0,0,0,0
SPRY HIGH SCHOOL,41.84776169,-87.69894611,-9762602.023683337,5138202.093089454,0,0,0,0,0,0
STAGG,41.75892473,-87.64921669,-9757066.170763042,5124935.664692023,0,0,0,0,1,1
STEINMETZ HIGH SCHOOL,41.93563359,-87.78351523,-9772016.215768069,5151342.538690063,0,0,1,2,1,1
STEM,41.86857588,-87.66496913,-9758819.724275583,5141313.032649963,0,1,0,0,0,0
STEVENSON,41.74710688,-87.73166568,-9766244.350491917,5123172.235697542,0,0,0,2,0,0
STOCK,42.01689164,-87.81419465,-9775431.433364918,5163510.065821401,0,0,0,0,2,2
STONE,41.99535905,-87.68479279,-9761026.483244773,5160284.277737804,0,0,0,2,1,1
STOWE,41.91193808,-87.7133175,-9764201.839967538,5147797.3094006805,1,0,0,0,1,1
SUDER,41.88321452,-87.67763611,-9760229.80597857,5143501.566465218,0,0,0,0,0,0
SULLIVAN HIGH SCHOOL,42.00268756,-87.66919215,-9759289.827876989,5161382.035707668,0,0,0,2,0,0
SUMNER,41.87082838,-87.73352395,-9766451.211734043,5141649.757599158,0,1,0,0,1,1
SUTHERLAND,41.71144507,-87.67682117,-9760139.087303786,5117852.841109726,0,0,0,0,1,1
SWIFT,41.98913906,-87.65829608,-9758076.883461015,5159352.66675105,0,0,0,0,0,0
TAFT HIGH SCHOOL,41.98296099,-87.79154725,-9772910.335758409,5158427.424039457,0,0,0,0,0,0
TALCOTT,41.89240461,-87.67372272,-9759794.169666683,5144875.777887822,0,0,0,0,5,5
TALMAN,41.79404805,-87.69026084,-9761635.184100706,5130178.591786914,0,0,1,1,0,0
TANNER,41.76067264,-87.60679104,-9752343.368070835,5125196.509795831,0,0,0,0,1,1
TARKINGTON,41.76440708,-87.70644465,-9763436.757573482,5125753.8358415775,0,0,0,0,0,0
TAYLOR,41.71547038,-87.53297077,-9744125.733460944,5118453.116722797,0,0,0,2,0,0
TELPOCHCALLI,41.84794743,-87.69600588,-9762274.71910147,5138229.849416716,0,0,0,0,0,0
THOMAS,41.82777491,-87.67754185,-9760219.312752856,5135215.771700284,0,0,0,0,1,1
THORP J,41.73332424,-87.54427998,-9745384.668821577,5121116.036230457,0,0,0,0,1,1
THORP O,41.94857131,-87.77763129,-9771361.218770873,5153278.786315569,0,0,3,1,2,2
TILDEN HIGH SCHOOL,41.80751007,-87.64296648,-9756370.400560522,5132188.855676659,0,0,0,0,2,2
TILL,41.77542384,-87.60935721,-9752629.033456815,5127398.1620783955,0,0,0,0,1,1
TILTON,41.88410224,-87.73056638,-9766121.976944866,5143634.300909849,0,1,0,0,0,0
TONTI,41.78752323,-87.70817918,-9763629.84517175,5129204.401642803,0,0,0,0,0,0
TURNER-DREW,41.72560922,-87.63016448,-9754945.287917066,5119965.243017098,0,0,0,0,0,0
TWAIN,41.7990464,-87.7589284,-9769279.222132567,5130924.938315734,0,0,0,1,0,0
UPLIFT HIGH SCHOOL,41.96554746,-87.65247335,-9757428.699607167,5155820.01704465,0,0,0,0,3,3
VANDERPOEL,41.72081703,-87.66555862,-9758885.345836148,5119250.497978215,0,0,0,0,1,1
VAUGHN HIGH SCHOOL,41.9603638,-87.76466317,-9769917.614101958,5155043.980780732,1,0,0,0,1,1
VICK,41.68819084,-87.6856766,-9761124.868740045,5114385.777457949,0,0,0,0,1,1
VOLTA,41.971634,-87.72460522,-9765458.383587372,5156731.30159954,0,0,0,0,2,2
VON LINNE,41.94000928,-87.70263467,-9763012.633172011,5151997.356708118,1,0,0,0,1,1
VON STEUBEN HIGH SCHOOL,41.97318505,-87.71338625,-9764209.49346958,5156963.540236513,0,0,0,1,0,0
WACKER,41.7161933,-87.64804432,-9756935.66311643,5118560.926553545,0,0,0,0,1,1
WADSWORTH,41.7734779,-87.60101811,-9751700.729287535,5127107.696095813,0,0,0,2,0,0
WALSH,41.85483575,-87.64808617,-9756940.32191761,5139259.284934815,0,0,0,0,0,0
WARD J,41.84398009,-87.63535579,-9755523.181879863,5137636.993698474,0,0,0,0,2,2
WARD L,41.89323561,-87.71879729,-9764811.847659964,5145000.048381816,0,1,0,0,2,2
WARREN,41.72676291,-87.57535255,-9748843.651774053,5120137.322089085,0,0,0,0,1,1
WASHINGTON G ELEMENTARY SCHOOL,41.68813148,-87.5360153,-9744464.649178704,5114376.929740404,0,0,0,1,3,3
WASHINGTON H ELEMENTARY SCHOOL,41.72853414,-87.59625662,-9751170.681966394,5120401.5165532585,0,0,0,0,1,1
WASHINGTON HIGH SCHOOL,41.68813694,-87.5375703,-9744637.75110727,5114377.742488042,0,2,0,2,2,2
WATERS,41.9643654,-87.69133251,-9761754.482155474,5155643.047990614,0,0,0,1,1,1
WEBSTER,41.86991586,-87.72752437,-9765783.341913769,5141513.343954186,0,0,0,0,0,0
WELLS ELEMENTARY SCHOOL,41.82735527,-87.61977966,-9753789.255215986,5135153.0802475745,0,0,0,0,1,1
WELLS HIGH SCHOOL,41.89899471,-87.66748287,-9759099.552101066,5145861.328496564,0,0,0,0,0,0
WENTWORTH,41.7650759,-87.65820484,-9758066.726230953,5125853.653724121,0,0,1,0,3,3
WEST PARK,41.90690721,-87.7324431,-9766330.89145849,5147044.7791246865,0,0,0,0,1,1
WEST RIDGE,42.002959,-87.70591721,-9763378.042855628,5161422.697329187,0,0,0,1,0,0
WESTCOTT,41.74886823,-87.63475052,-9755455.803296356,5123435.038520223,0,0,0,0,1,1
WESTINGHOUSE HIGH SCHOOL,41.8899772,-87.70733231,-9763535.571396623,5144512.783954205,0,0,0,0,1,1
WHISTLER,41.68390701,-87.65538382,-9757752.69225876,5113747.221709817,0,0,0,0,0,0
WHITE,41.67230941,-87.65053854,-9757213.318239074,5112018.673511766,0,0,0,1,0,0
WHITNEY,41.84008043,-87.72554564,-9765563.070510248,5137054.287495438,0,2,0,1,1,1
WHITTIER,41.85048089,-87.67339165,-9759757.315079296,5138608.452772174,0,1,0,0,1,1
WILDWOOD,42.00749067,-87.77834486,-9771440.65266285,5162101.576040502,0,0,1,0,1,1
WILLIAMS HIGH SCHOOL,41.8061176,-87.62502998,-9754373.718070442,5131980.899955531,0,1,0,0,0,0
WOODLAWN,41.77336553,-87.594392,-9750963.113297092,5127090.923811066,0,0,0,0,0,0
WOODSON,41.8144988,-87.60841877,-9752524.566510895,5133232.638222669,0,0,0,0,0,0
WORLD LANGUAGE HIGH SCHOOL,41.83439662,-87.73529222,-9766648.054229768,5136205.049069463,0,0,0,0,0,0
YATES,41.91503855,-87.70028031,-9762750.54682668,5148261.114466371,0,0,0,3,2,2
YORK HIGH SCHOOL,41.84253335,-87.69526102,-9762191.801271044,5137420.810588018,0,0,0,0,0,0
YOUNG ELEMENTARY SCHOOL,41.90679057,-87.76714285,-9770193.64999938,5147027.333843465,0,0,1,0,0,0
YOUNG HIGH SCHOOL,41.87860253,-87.66423334,-9758737.816570025,5142812.002634647,0,0,0,1,2,2
ZAPATA,41.8413938,-87.73431332,-9766539.084304044,5137250.534577917,0,0,0,3,0,0
